sample_index,age,Medu,Fedu,traveltime,studytime,failures,famrel,freetime,goout,Dalc,Walc,health,absences,G1,G2,school_GP,school_MS,sex_F,sex_M,address_R,address_U,famsize_GT3,famsize_LE3,Pstatus_A,Pstatus_T,Mjob_at_home,Mjob_health,Mjob_other,Mjob_services,Mjob_teacher,Fjob_at_home,Fjob_health,Fjob_other,Fjob_services,Fjob_teacher,reason_course,reason_home,reason_other,reason_reputation,guardian_father,guardian_mother,guardian_other,schoolsup_no,schoolsup_yes,famsup_no,famsup_yes,paid_no,paid_yes,activities_no,activities_yes,nursery_no,nursery_yes,higher_no,higher_yes,internet_no,internet_yes,romantic_no,romantic_yes
0,0.0,0.14853544647864017,0.0,0.0,0.0,0.10355829827658652,0.0,0.0,0.0,0.0,0.0,0.0,0.0,1.6480332128626192,1.9304478904895233,0.0,0.0,0.0,0.2687822913326062,0.0,0.0,0.0,0.0,0.0,0.0,0.0,0.0,0.0,0.08409073678351463,0.0,0.09643158809987185,0.0,0.0,0.0,0.0,0.13685402859790485,0.0,0.0,0.0,0.0,0.0,0.0,0.0,0.0,0.0,0.0,0.0,0.0,0.0,0.0,0.0,0.07555283866682709,0.0,0.0,0.0,0.0,0.1395247770010751,0.0
1,0.0,0.3430990012899664,0.0,0.0,0.0,0.0,-0.33665690913544205,0.0,0.0,0.0,0.0,0.0,0.0,1.3566224189964524,2.3743060555984026,0.0,0.0,0.0,-0.06269711229413939,0.0,0.0,0.0,0.0,0.0,0.0,0.0,0.0,0.0,0.0,0.0,0.0,0.0,0.0,0.0,0.0,-0.4129179166711321,0.0,0.0,0.0,0.0,0.0,0.0,0.1570066841679392,0.0,-0.6484912348265168,0.0,0.0,0.0,0.0,0.0,0.0,0.0,0.0,0.0,0.6756842559851232,0.0,0.0,0.0
2,0.0,0.0,0.0,0.0,0.0,-1.1605983836388756,-0.28134493190940807,0.0,0.0,0.0,0.0,0.0,0.0,-0.9428256774739858,-0.5909954340712777,0.0,0.0,-0.1952812578126627,0.0,0.0,0.0,0.0,0.0,0.0,0.0,0.0,-0.05518546076037789,-0.11260648614107138,0.0,0.0,-0.021630304212461933,0.0,0.0,0.0,0.0,0.0,0.0,0.0,0.0,0.0,0.0,0.0,0.0,0.0,0.0,0.0,0.0,-0.2060302698758188,0.0,0.0,0.0,0.0,0.0,0.0,-0.09023295617529178,0.0,0.0,0.0
3,0.0,0.19098333055570377,0.0,0.0,0.0,0.0,0.0,0.0,0.0,0.0,0.0,0.0,-0.36440278705967266,1.215676755646135,1.8018582494072541,0.0,0.0,0.0,0.0,0.0,-5.510159837300735e-05,0.0,0.0,0.0,0.0,0.1710739664805707,0.0,0.0,0.0,0.0,0.0,0.0,0.0,0.0,0.3188051656052765,0.0,0.0,0.0,0.0,0.0,0.0,0.0,0.0,0.0,-0.2547262692706863,0.0,0.0,0.2637833589407105,0.0,0.0,0.0,-0.6361218546734142,0.0,0.0,0.0,0.0,0.0,0.0
4,0.0,0.0,0.0,0.0,0.0,0.27094424635065234,0.0,0.0,0.0,0.0,0.0,0.0,0.0,2.615780168421637,3.4955953057731293,0.0,0.0,0.0,0.0,0.0,0.0,0.0,0.0,0.0,0.0,0.0,0.0,0.0,0.0,0.0,0.0,0.0,0.0,0.0,0.0,0.0,0.0,0.0,0.0,0.4585867072629577,0.0,0.0,0.0,0.0,0.0,0.0,0.0,-0.4826342341169684,-0.3544717907529549,0.5046636349764771,0.0,0.18806774475491303,0.0,0.0,0.0,-0.5758119809286596,0.0,-0.2864646166139284
5,-0.3220581626871103,-0.1475739568642367,0.0,0.0,0.0,-0.9062620019650256,0.0,-0.060395337610292456,0.0,0.0,0.0,0.0,0.0,-1.9286758212969741,-1.8483752145885295,0.0,0.0,0.0,0.0,0.0,0.0,0.0,0.0,0.0,0.0,0.0,0.0,0.0,0.0,0.0,0.0,0.0,0.0,0.0,0.0,0.0,0.0,0.0,0.0,-0.2140087181325958,-0.36486560665378037,0.0,0.0,0.0,0.0,0.0,0.0,0.0,-0.6643092841033249,0.0,0.0,0.0,0.0,0.0,0.0,-0.40500408766460166,0.0,0.0
6,0.0,0.0,0.0,0.0,0.0,0.0,0.0,0.0,0.0,0.0,-0.1408659748802021,0.0,0.0,-2.3536788370385726,-2.2991445810079782,-0.21535729993471567,0.0,0.0,0.0,0.0,0.0,0.0,0.0,0.0,-0.31919181932684726,0.0,0.0,0.0,0.0,-0.3018452898001228,0.0,0.0,0.0,0.0,0.0,0.0,0.0,0.0,0.0,0.0,0.0,0.0,0.0,0.0,0.0,0.0,0.0,0.0,0.9199755002781319,-0.3120734491504356,0.0,0.0,0.045407065071292274,0.0,0.0,-0.5003476544128853,0.0,0.0
7,0.0,0.1042647636202106,0.5995553463657091,0.0,0.0,0.0,-0.23135872587914177,0.0,-0.1424794812010479,0.0,0.0,0.0,0.0,0.0,0.0,-0.5996993052128986,0.0,0.0,0.0,-0.09663139009851048,0.0,-0.5708871052987395,0.0,-0.06905156103213397,0.0,0.0,0.0,0.0,0.0,0.0,0.0,0.0,0.0,0.0,0.0,0.0,0.0,0.0,0.0,0.0,0.0,0.0,0.0,0.0,0.0,-0.24750700001550752,0.0,0.0,0.0,0.0,0.0,-0.6216366354175605,0.0,0.0,0.0,0.0,0.0,0.0
8,0.0,0.0,0.0,0.0,0.0,0.0,0.03386971313859521,0.0,0.0,0.0,0.0,0.0,0.0,0.15411087651844046,0.2571055194394928,-0.6574063801408966,0.0,0.0,0.0,0.3622827155009345,0.0,0.0,0.0,0.0,0.0,0.0,0.0,0.0,0.0,0.0,0.0,0.0,0.0,0.0,0.0,0.0,0.0,0.0,0.0,0.0,0.0,0.0,0.0,0.0,0.3083722628238644,0.0,0.0,0.0,0.3476351932900084,-0.3756220499116618,0.4573291231297848,0.09407157376545015,0.0,0.0,0.0,0.0,0.0,0.0
9,0.0,0.0,0.0,0.0,0.0,0.0,-0.3452474617631031,0.0,0.0,0.0,0.0,0.0,0.0,-1.8835575702464085,-0.971931556283501,0.0,0.0,0.0,0.0,0.0,0.0,0.0,-0.10590873833443773,0.0,0.0,0.0,0.0,0.0,0.0,0.0,0.0,0.0,0.0,0.0,0.0,0.0,0.0,0.0,0.0,0.0,-0.3495986535285975,0.0,0.0,0.0,0.0,0.0,0.0,-0.17042523223013362,0.48852235709653485,0.0,-0.20573782390296882,0.4061414359330029,0.0,0.0,0.0678302994195821,0.0,0.0,0.0
10,0.0,0.0,-0.12450582211430927,0.0,0.0,0.0,0.0,0.0,0.0,0.0,0.0,-0.24623517113695834,0.0,-3.3676323496241523,-2.4450186506120155,0.0,0.0,0.0,0.0,0.0,-0.16126256199189992,0.0,0.0,-0.18087781166891853,0.0,0.0,0.0,0.0,0.0,0.0,0.0,0.0,-0.20695269570954378,0.0,0.0,0.0,0.0,0.0,-0.33337188308629623,0.0,0.0,0.0,0.0,0.0,0.0,0.0,0.0,-0.12363819056969723,0.0,0.0,-0.21950147889606417,0.0,0.0,0.0,0.0,0.0,0.0,0.0
11,0.0,0.0,0.0,0.0,0.0,0.0,0.36900090441971317,0.0,0.0,0.0,0.0,0.0,0.0,-0.8560384468243932,0.0,0.0,0.0,0.0,0.8910013482540367,0.0,0.3299990470011024,0.0,0.0,0.0,0.0,0.0,0.6591927515140257,0.0,0.0,0.0,0.0,0.0,0.0,0.0,0.0,0.0,0.05616595220357117,0.0,0.0,0.0,0.0,0.0,0.0,0.0,0.0,0.3128253455949438,0.0,0.0,0.0,-0.6184140373485963,0.0005809740473183643,-0.46097761430575623,0.0,0.0,0.0,0.0,0.0,0.0
12,0.0,0.0,0.0,0.0,0.0,0.0,0.0,0.0,0.0,0.0,0.0,0.0,0.0,2.291506685391648,2.0516368794758146,0.0,0.0,0.0,-0.27783474875816866,0.0,0.0,-0.3846849303648679,0.0,0.0,0.24629040232997812,0.0,0.0,0.0,0.0,0.0,0.0,0.0,0.0,0.0,0.0,0.0,0.0,0.0,0.0,0.0,0.0,0.0,0.0,0.0,0.0,0.0,0.16032594556734722,-0.28264894296511217,0.0,0.0,0.0,0.40652945500325405,0.0,0.0,-0.21989657383676864,0.2540207746366695,0.0,0.0
13,-0.31216901139208914,0.0,0.0,0.0,0.0,0.0,0.0,0.0,0.0,0.0,0.0,0.0,0.0,-1.009246986418803,-0.7351800179250504,0.0,0.0,0.0,-0.27109102416162933,0.0,0.0,0.0,0.0,-0.22539772007277298,0.0,0.0,0.0,-0.2369240812366464,0.0,0.0,0.3809049604294697,0.0,0.6316774199957488,0.0,0.0,0.0,0.0,0.0,0.0,0.0,0.0,0.0,0.0,0.0,0.0,0.0,0.0,0.0,-0.47810067701995085,0.0,0.0,0.0,0.0,-0.2454008206867449,0.0,0.0,0.0,0.0
14,0.0,0.0,0.0,0.0,0.0,-0.8835850406136098,0.0,0.0,0.0,0.0,0.33910450180236335,0.0,0.38766316177076376,-0.8256556565869645,0.0,0.0,-0.30056434548198663,0.0,0.0,0.0,0.0,0.0,0.0,0.782664434845133,-0.224959861971897,0.0,0.0,-0.2728143924973005,0.0,-0.3839963352966931,0.0,0.0,0.0,0.0,0.0,0.0,0.0,0.0,0.0,0.0,0.0,0.0,0.0,0.0,0.0,0.0,0.0,0.0,0.0,0.0,-0.604930397663843,0.0,0.0,0.0,0.0,0.0,0.0,0.0
15,0.0,0.0,0.0,0.0,0.0,0.0,-0.8878125403952009,0.0,0.0,0.12182971655249271,0.0,0.0,0.0,1.4349812698203996,2.7617125085796976,-0.4904684924986875,0.0,0.0,1.0251619177470825,0.0,0.0,0.0,0.0,0.3612482574773774,0.0,0.0,0.0,0.0,0.0,0.0,0.0,0.0,0.0,0.0,0.10255477876228669,0.0,0.0,0.0,0.0,0.0,0.0,0.0,0.0,0.0,0.0,0.0,0.0,0.0,0.0,0.0,0.19106611986757405,-0.8253974706588134,0.0,0.0,0.0,0.0,0.0,0.0
16,-0.11846231460014559,0.0,0.0,0.0,0.0,0.0,0.0,0.0,0.0,0.0,0.0,0.0,0.0,-2.2621864287283935,-3.2087808280503873,0.0,0.0,0.0,0.8182457803441754,0.0,0.0,0.0,0.0,0.0,0.0,0.0,0.0,0.23946676351407792,0.0,0.0,0.0,0.0,0.0,0.0,0.0,-0.3150164136378334,0.0,0.0,0.0,0.0,-0.23880535132905606,0.0,0.0,0.0,0.0,0.0,0.0,-0.022899918842003496,0.0,0.0,0.0,-0.3665173576630519,0.0,0.0,0.0,0.0,0.0,0.0
17,0.413588932373907,-0.08702117076884873,0.0,0.0,0.0,-0.8726278444667622,0.0,0.0,0.0,0.0,0.0,0.0,0.0,0.0,-2.9770416807410056,0.15442869341416607,0.0,0.0,-0.02728716429412703,0.0,-1.38889354897039,0.0,0.0,0.0,0.0,0.0,0.0,0.0,0.0,0.0,0.0,0.0,0.0,0.0,0.0,0.0,0.0,0.0,0.0,0.0,0.0,0.0,-0.7218515043978463,0.0,0.0,0.0,0.0,0.0,0.0,0.0,1.2409105360534074,-0.6003156064407245,0.0,0.0,0.0,0.0,0.0,0.0
18,0.44926444757782674,0.0,0.0,0.0,0.0,0.0,0.0,0.0,0.0,0.0,0.0,0.0,0.0,-1.2452497259763804,-0.5360583442973751,0.0,0.12741481156277631,0.0,0.0,0.9369066432874156,-0.7964693276158581,0.0,0.0,0.0,0.0,0.0,0.8318703456301502,0.0,0.0,0.0,-0.2726200879014008,0.0,0.0,0.0,0.0,0.0,0.0,0.0,0.0,0.0,0.0,0.0,0.0,0.0,0.0,0.0,0.3239239001678473,0.0,0.0,0.0,0.0,0.0,0.0,0.0,0.0,0.0,-0.2680965416388018,0.0
19,0.0,0.0,0.0,0.1923188819394154,0.0,0.0,0.0,0.0,0.0,0.0,0.0,0.0,0.0,1.5850152193173268,2.1880146686728614,0.0,0.0,0.0,0.0,0.0,0.0,0.0,0.0,0.0,0.0,0.0,0.0,0.0,0.0,0.0,0.0,0.0,0.0,0.0,0.0,0.0,0.08260509723763441,0.0,0.0,0.12002488901810511,0.0,0.0,0.0,0.0,0.08578960241270028,0.0,0.0,0.25776868412091625,0.16621564808125586,0.0,0.0,0.0,0.0,0.0,0.0,0.1280775487191545,0.3052765996606195,0.0
20,0.0,0.0,0.0,0.0,0.0,0.0,0.0,0.0,0.0,0.0,0.0,0.0,-0.30892315403669995,-2.2224052471738354,-1.5495115251545695,0.0,0.0,0.0,0.0,0.0,0.0,0.0,0.0,0.0,0.0,0.0,0.0,0.0,0.0,0.0,0.0,0.0,0.0,0.0,0.0,0.0,0.22802808381508116,0.0,-0.0335293330494688,0.0,0.0,0.0,0.0,0.0,0.0,0.165113562734982,0.0,0.0,0.46943760467643164,0.0,0.4278895166981499,-0.5862304412524076,0.0,-0.23702438551786023,0.0,0.0,0.0,0.0
21,0.5309918332982437,0.0,0.0,0.0,0.0,0.26392647974099986,0.0,0.0,-0.18695400443877996,0.0,0.0,-0.23792762317182445,0.0,-1.3121249525154752,0.0,0.0,0.0,0.12957080729706782,-0.3603990788283239,0.0,0.0,0.0,0.0,0.0,0.0,0.061250686260124976,0.0,0.0,0.0,0.0,0.0,0.0,0.0,0.0,0.0,0.0,0.0,0.0,0.0,0.0,0.0,0.0,0.0,0.0,0.0,0.0,0.0,0.0,0.537283181839605,0.0,0.0,0.0,0.0,0.0,0.0,0.0,0.2012232285704215,0.0
22,-0.41207419889369873,0.0,0.0,0.0,0.0,0.0,0.0,0.0,0.0,0.0,0.0,0.0,0.0,-0.4686901180333823,-0.7210557414146923,0.0,0.0,0.0,-0.35088077529025874,0.9806544626573445,-0.4323513942861947,0.0,0.0,0.0,0.0,0.0,0.0,0.0,0.0,0.0,0.0,0.0,0.0,0.0,0.0,0.0,0.0,0.0,0.0,0.0,0.0,-0.08107975851627727,0.0,0.0,0.0,0.0,0.0,-0.09713723147261821,-0.5114617565503103,0.0,0.0,0.0,0.0,0.0,0.0,-0.46856132751723717,0.0,0.0
23,0.0,0.0,0.0,0.0,0.0,0.37356439629513716,-0.14316606395228046,-0.23544377621879875,0.0,0.0,0.0,0.0,0.0,-0.9623747597647204,0.0,-0.047696791029450264,0.0,0.0,0.0,-0.39047721696796234,0.0,0.0,0.0,0.0,0.0,0.0,0.0,0.0,0.0,0.0,0.0,0.0,0.0,0.0,0.0,0.0,0.0,0.0,0.0,0.0,0.0,0.0,0.0,0.0,-0.07823648329261175,0.0,0.0,0.4459368727138797,-0.3354892569405187,0.0,0.0,0.0,0.0,0.0,0.0,0.0,-0.3669371599097558,0.0
24,0.0,0.0,0.0,0.0,0.0,0.0,0.06847741825713781,0.0,0.0,0.0,0.0,0.0,0.0,0.0,0.9334103008009862,0.0,0.0,0.0,0.0,0.0,0.10850290090636405,0.0,0.0,0.0,0.0,0.0,0.0,0.0,0.0,0.0,0.0,0.0,0.0,0.0,0.0,0.0,-0.2140571264077396,0.0,0.0,0.0,0.0,0.0,0.0,0.0,0.0,0.22777547108348287,0.1719085117835989,-0.5473274712233371,0.0,0.0,0.0,0.201982816317361,0.0,0.0,0.07011902007944276,0.0,0.0,0.20091260805632477
25,0.23611912488074333,0.0,0.0,0.0,0.0,0.0,0.16310723176393804,0.0,0.0,0.0,0.0,0.0,0.0,0.0,0.0,0.0,0.0,0.07578606530840765,-0.5422333580310896,0.0,0.0,0.0,0.0,0.0,0.0,0.0,0.0,0.0,0.0,0.0,0.0,0.0,0.0,0.0,0.0,0.0,0.0,0.0,0.13500615109228942,0.0,0.33612491196692557,0.0,0.0,0.0,0.15910999536347767,-0.6261222393265411,0.0,0.36099168971803886,0.5402947505746586,0.0,0.0,0.0,0.0,0.0,0.0,0.0,0.0,0.0
26,0.0,0.0,0.05730363920087811,0.0,0.0,0.34404472621454896,0.0,0.0,0.0,0.0,0.0,0.0,0.0,1.5223396002362934,1.5012613087569626,0.0,0.0,0.0,0.12281412374021977,0.0,0.0,0.0,0.0,0.0,0.0,0.0,0.0,0.4478948625736544,0.0,0.0,0.0,0.0,0.1671294729936306,0.0,0.0,0.0,0.0,0.0,0.0,0.0,0.0,0.0,0.0,0.0,0.0,0.0,0.5374906575065249,0.0,0.0,0.0,0.0,0.0,0.1464694557548481,0.0,0.0,0.0,0.05033921681180335,0.0
27,0.0,0.0,0.010990361606975722,0.0,0.0,0.0,0.0,0.0,0.0,0.0,0.0,-0.18734590952776897,0.0,-1.6270203475359437,-1.7961257366151875,0.0,0.0,0.0,0.0,0.0,0.0,0.0,0.0,0.0,0.0,0.0,0.0,0.0,0.0,0.0,0.0,0.0,0.2732006446683508,0.0,0.0,0.0,0.0,-0.4496132978467616,-0.27968434762200045,0.0,0.0,0.0,0.0,0.0,0.0,0.0,-0.37851019999775637,0.0,0.5699262322669588,-0.33959236182210245,0.0,0.0,0.0,0.0,0.0,0.0,0.0,0.0
28,0.0,0.0,0.0,0.0,0.0,0.0,0.0,0.0,0.0,0.0,0.0,0.0,0.0,0.2880881967971429,0.0,0.0,0.0,0.0,0.0,0.0,0.4174342526003438,0.0,0.0,0.0,0.0,0.0,0.0,0.0,0.0,0.0,0.022633645948487296,0.0,0.0,0.0,0.0,0.0,0.0,-0.1341865133112609,0.0,0.0,0.0,0.0,0.0,0.0,0.0,0.0,-0.5313938038207014,0.6061096002416615,0.2576364144802048,0.0,0.45548240275293245,-0.4328645161025541,0.0,0.0,0.0,0.14141902116599844,0.0,0.0
29,0.0,0.0,0.0,0.0,0.0,0.0,0.0,0.0,0.0,0.0,0.0,0.0,0.0,1.6261626450366837,2.2615453746708885,0.0,0.0,0.26391939584409,0.0,0.0,0.0,0.0,0.0,0.0,0.0,0.0,0.5822098692799831,0.0,0.0,0.0,0.0,0.0,0.0,0.0,0.0,0.0,0.0,0.0,0.2477529051124133,0.0,0.0,0.0,0.0,0.0,0.0,0.024974966226097368,0.0,0.2892922535328337,0.09004671805218376,0.0,0.0,0.040840426662135165,0.0,0.10881602011424163,0.0,0.0,0.0,0.0
30,0.08949895416463187,0.05868079937583571,0.0,0.0,0.0,0.0,0.0,0.0,0.0,0.0,0.0,0.0,0.0,2.532677365673252,2.4223090342895564,0.0,0.0,0.0,0.0,0.0,0.0,0.0,0.0,0.0,0.0,0.35966715475008115,0.0,0.0,0.17946045163711577,0.0,0.0,0.0,0.0,0.13908307194531044,0.0,0.0,0.0,0.0,0.0,0.0,0.0,0.0,0.0,0.0,0.0,0.33445410673088,0.0,0.0,0.0,0.31729026192021464,0.0,0.0,0.16001841457201763,0.0,0.0,0.0,0.0,0.0
31,0.0,0.0,0.17547946785109336,0.0,0.0,0.3428518526733713,0.0,0.0,0.0,0.0,0.0,0.0,0.0,0.0,0.6265515602632954,0.0,0.0,0.0,0.3508861774592089,0.0,0.0,0.0,0.044061185356200294,0.0,0.0,0.0,0.0,0.0,0.0,0.0,0.0,0.2219379650934291,0.0,0.0,0.0,0.0,0.0,0.0,0.0486158684401594,0.2869012709810407,0.0,0.0,0.0,0.0,0.0,0.0,0.1432158338667506,0.0,0.0,0.0,0.0,0.0,0.0,0.125351140593878,0.0,0.0,0.0,0.0
32,0.0,0.0,0.0,0.0,0.0,0.0,0.0,0.0,0.0,0.0,0.0,0.03018635220371489,0.0,2.940965507708831,2.4049879691440275,0.0,0.0,0.0,0.4479475637480499,0.0,0.0,0.0,0.0,0.0,0.0,0.0,0.0,0.0,0.0,0.0,0.0,-0.3276655415070316,0.0,0.0,0.0,0.0,0.3395614556924734,0.0,0.0,0.0,0.0,0.0,0.19209643334249105,0.0,0.0,0.0,0.0,0.0,0.4836660276227222,0.0,0.30286600168865807,-0.7400878772412912,0.0,0.0,0.0,0.0,0.0,0.0
33,0.0,0.0,0.0,0.0,0.0,0.0,0.0,0.0,0.0,0.0,0.0,0.0,0.25051045129016397,0.0,1.2836352059722664,0.0,-0.27668324830125934,0.26636930231701944,-0.23037709699216294,-0.17598700119391283,0.0,0.0,0.0,0.0,0.0,0.0,0.0,0.0,0.0,0.0,0.0,0.0,0.0,0.0,0.0,0.0,0.0,0.0,0.15821234826137334,0.0,0.0,0.0,0.0,0.0,-0.42394536593886756,0.0,0.0,0.0,0.0,-0.36275184896731544,0.0,0.3263038565266293,0.0,0.0,0.0,0.0,0.0,0.0
34,-0.2395285474551057,-0.5231794067557823,0.2978558563078484,0.0,0.0,0.0,0.0,0.0,0.0,0.0,0.0,0.0,0.0,-1.2856943491780202,-0.30705937112289405,0.0,0.0,0.40414134876351265,0.0,0.0,0.0,0.32646242481712545,0.0,0.30649076882878534,0.0,0.0,0.0,0.0,0.0,0.0,0.0,0.0,0.0,0.0,0.0,0.0,0.0,0.0,0.0,-0.23572715386391663,0.1948026968169514,0.0,0.0,0.0,0.0,0.0,0.0,0.0,0.0,0.0,0.0,0.0,0.0,0.0,0.0,0.0,0.0,0.0
35,0.0,0.0,0.0,0.0,0.0,0.1964923790725496,0.07668882625688234,0.0,0.0,0.0,0.0,0.0,0.0,1.7976178428128586,2.556063001610101,0.07386206174739295,0.0,0.0,0.4784363527708718,0.0,0.0,0.0,0.0,0.0,0.0,0.0,0.0,0.045779501744405295,0.0,0.0,0.0,0.0,0.0,0.0,0.0,0.0,0.0,0.0,0.2019076321180493,0.0,0.0,0.0,0.0,0.0,0.0,0.12525413878995081,0.0,0.683904012779387,0.0,0.0,0.0,0.0,0.0,0.0,0.0,0.0,0.0,0.0
36,0.0,0.0,0.2210807587561772,0.0,0.0,0.0,0.2011244400356459,0.10353319776830117,0.0,0.0,0.0,0.0,0.0,0.5062114793561379,0.48533166457997295,0.0,0.0,0.0,0.0,0.0,0.0,0.0,0.0,0.0,0.0,0.0,0.0,0.0,0.0,0.0,0.0,0.0,0.0,0.0,0.0,0.0,0.0,0.0,0.14765819716294531,0.0,0.0,0.0,0.0,0.0,0.08772902785428682,0.0,0.2088778662318127,0.0,0.0,0.3043111160339523,0.0,0.0,0.0,0.0,0.10139647604431125,0.0,0.0,0.0
37,0.0,0.0,0.0,0.0,0.0,0.0,0.06334225596623046,0.0,0.0,0.0,0.0,0.0,0.0,1.6276740426423417,1.1842978660754457,0.0,0.0,0.0,0.5250240358543722,0.0,0.0,0.0,0.0,0.3786336375593821,0.0,0.0,0.0,0.0,0.0,0.0,0.0,0.0,0.0,0.0,0.0,0.0,0.0,0.0,0.0,0.0,0.0,0.0,0.0,0.0,0.0,0.06739391399800962,0.0,0.4330249036941039,0.0,0.0,-0.9289982743446208,0.28362053269492676,0.0,0.0,0.0,0.1564228434968282,0.0,0.0
38,0.08640656749335268,0.0,0.0,0.0,0.0,0.0,0.202951959271509,0.0,0.2873384102635852,0.0,0.0,0.0,0.0,1.2803067631304483,2.1765940099306054,0.0,0.0,0.11952010123995035,0.0,0.0,0.0,0.0,0.0,0.0,0.0,0.0,0.0,0.0,0.21888730493182637,0.0,0.0,0.0,0.0,0.0,0.0,0.0,0.16019919535690821,0.16725631193482782,0.0,0.0,0.0,0.0,0.0,0.0,0.0,0.0,0.0,0.0,0.0,0.12610468120314774,0.0,0.0,0.0,0.0,0.0,0.0,0.0,0.0
39,0.3825602443016312,0.0,0.0,0.0,0.0,0.23726631513314647,0.0,0.0,0.0,0.0,0.0,0.0,0.0,0.0,0.14198653084139184,0.0,0.0,-0.2661249222851575,0.3961361586581956,0.0,0.0,0.0,0.0,0.0,0.0,0.10614766045776003,0.0,0.0,0.0,0.0,0.0,0.0,0.13898723554269632,0.0,0.0,0.0,0.0,0.0,0.0,0.0,0.0,0.0,0.0,0.0,0.0,0.0,0.0,0.0,-0.3607173231290117,0.13851268160835103,0.0,0.0,0.18712259801680614,0.0,0.0,0.0,0.0,0.0
40,0.0,0.0,0.0,0.0,0.0,0.0,-0.9081099718247488,0.0,0.0,0.0,0.36218193086163747,0.0,0.0,0.0,0.31306901437348456,0.12325295461982473,0.0,0.0,0.3862751735279404,0.0,0.0,0.0,0.0,0.0,0.0,0.0,0.0,0.0,0.0,0.0,0.0,0.0,0.0,0.0,0.0,0.0,0.0,0.0,0.0,0.506118517294122,0.0,0.0,0.0,0.0,-0.7259647842978052,0.0,0.0,0.0,0.0,0.1412827507604508,0.0,0.12743156043043324,0.5834460514668762,0.0,0.0,0.0,0.0,0.0
41,0.0,0.0,0.0,0.0,0.0,0.6100631667567249,0.24668863379314435,0.0,0.029303375774154455,0.2169748510471739,0.0,0.0,0.0,0.93444209976993,2.4039092869649754,0.0,0.0,0.0,0.44032750286860045,0.0,0.0,0.0,0.09783770131994868,0.0,0.0,0.0,0.0,0.0,0.0,0.0,0.0,0.0,0.0,0.0,0.0,0.0,0.0,0.0,0.0,0.0,0.0,0.0,0.0,0.0,0.0,0.024384943249168067,0.0,0.0,0.0,0.0,0.0,0.0,0.05593435661566158,0.0,0.0,0.0,0.0,0.0
42,0.0,0.0,0.0,0.0,0.0,0.0,0.0,0.0,-0.30100255157769096,0.0,0.0,0.0,0.0,0.2625612849546749,1.6502117218909869,0.0,0.0,0.0,0.0,0.0,0.0,0.0,0.0,-0.25425061696780027,0.0,0.0,0.0,0.0,0.06095070449123128,0.0,0.0,0.0,0.0,0.2849628504913691,0.0,0.0,0.0,0.0,0.0,0.12487056698577019,0.0,0.0,0.6856537432250334,0.0,0.0,0.0,0.0,0.0,0.0,0.0,0.4367022564194449,-0.6546928912408425,0.0,0.0,0.0,0.0,0.0,0.0
43,0.0,0.0,0.0,0.0,0.0,0.0,-0.6518631747876446,0.0,0.015232945052359398,0.2933234680421489,0.19145299271655425,0.0,0.0,0.0,0.5944772237852669,0.0,0.0,0.26268651413375294,0.0,0.0,0.0,0.0,0.49041017263562553,0.20188024895691475,0.0,0.0,0.0,0.0,0.0,0.0,0.0,0.0,0.0,0.0,0.0,0.0,0.0,0.0,0.0,0.0,0.0,0.0,0.0,0.0,0.0,0.0,0.2570913517326703,0.0,0.2649058500861689,0.0,0.0,0.0,0.0,0.0,0.0,0.0,0.0,0.0
44,0.0,0.0,0.0,0.0,0.0,0.0,0.0,0.0,0.0,0.0,0.0,-0.292627934715228,-0.3182269669950268,-2.1130799226339967,-3.199029498099975,0.0,0.0,0.0,0.0,0.0,-0.5336177042748532,0.0,-0.17748617777918038,0.0,0.0,0.0,0.0,0.03186326492947333,0.0,0.0,0.0,0.0,0.0,-0.3115971688200866,0.0,0.0,0.0,0.0,0.0,-0.18654893830586605,0.0,0.0,0.0,-0.10550650201894786,0.0,0.0,0.0,0.0,0.0,0.0,0.0,0.0,0.0,0.0,0.0,0.0,0.0,0.0
45,0.0,0.0,-0.46343916582172534,-0.7019968286847814,0.0,-0.5159546526059755,0.0,0.0,0.0,0.0,0.0,0.0,0.6976153580997891,-1.1187343950494197,0.0,0.0,0.0,0.0,0.0,0.0,0.0,0.0,0.0,0.0,0.0,0.0,0.0,-0.3662353509670037,0.0,0.0,0.0,-0.423249554275952,0.0,0.0,0.0,0.0,0.0,0.0,0.0,0.0,-0.43047132422368817,0.0,0.0,0.0,0.0,0.0,0.0,0.5512277180464165,0.4179194708500736,0.0,0.0,0.0,0.0,0.0,0.0,0.0,0.0,0.0
46,0.0,0.0,0.0,0.0,0.0,0.0,0.0,0.0,0.0,0.04309977047364022,0.0,0.0,0.0,2.05664310062975,1.4230959967202441,0.0,0.0,0.08963509926426212,0.0,0.0,0.2924568923481744,0.21321850497041134,0.0,0.0,0.0,0.0,0.028656722307498005,0.0,0.0,0.0,0.0,0.0,0.0,0.08277699027174698,0.0,0.0,0.0,0.0,0.0,0.0,0.05704142291593524,0.0,0.0,0.03393592204199813,0.0,0.0,0.0,0.0,0.0,0.0,0.0,0.0,0.0,0.0,0.0,0.0,0.0,0.0
47,0.0,0.0,0.0,0.0,0.0,0.0,0.5679703134471203,0.0,0.0,0.0,0.0,0.0,0.0,2.974294683663809,4.111342057499685,0.0,0.0,0.0,0.07849475231339324,0.0,0.0,0.0,0.0,0.0,0.0,0.0,0.0,0.0,0.0,0.19338635107619673,0.0,0.0,0.0,0.0,0.0,0.3118802030968642,0.0,0.0,0.0,0.0,0.0,0.0,0.0,-0.47776384687320395,0.25670546578964376,0.0,0.0,0.0,0.0,0.0,0.0,0.0,0.0,0.0,0.0,0.0,-0.05781236755893272,0.3460506177166248
48,0.0,0.10824984938053496,0.0,0.0,0.0,0.0,0.0,0.0,0.0,0.0,0.0,0.0,0.0,-1.0656593672748642,0.0,0.0,0.0,0.0,0.0,0.0,0.0,0.0,0.0,0.0,0.0,0.0,0.0,0.3975072731731827,0.0,0.0,0.20622055385097596,0.0,0.0,0.0,0.0,0.0,0.0,0.0,0.0,0.0,0.39296318450190504,0.0,0.0,0.0,0.4733770847731014,-0.24358899434389933,0.0,-0.4338513843710313,-0.4164345013617385,0.0,0.0,0.0,0.0,0.0,0.0,-0.4897676184255216,0.0,0.0
49,0.0,0.0,0.0,-0.19446883540632026,0.0,0.0,0.0,0.0,0.0,0.0,0.0,0.0,0.0,0.0,-1.6606613126148562,0.0,0.0,0.0,0.8004328772209456,0.7889583576387647,0.0,0.0,0.0,0.0,0.0,0.0,0.0,0.0,0.0,0.0,0.0,0.0,0.0,0.0,0.0,0.6341702258663156,0.0,0.0,0.0,0.0,0.0,0.0,0.0,0.0,0.0,-0.3419642284422161,-0.4704430558406795,0.0,-0.6912609458383797,0.0,0.0,0.0,0.0,0.1180530183688685,0.0,-0.1281999691699147,0.0,0.0
50,0.0,0.0,0.0,0.0,0.0,0.0,0.0,0.0,0.0,-0.21526403067851513,0.0,-0.08712444520992384,0.0,-0.2950255067214586,-1.3059606628996596,0.0,0.0,-0.06024647066659403,0.0,0.0,0.0,0.0,0.0,0.0,0.0,0.0,-0.17750004880811968,0.9268729566667679,0.0,0.0,-0.2052865645674815,0.0,-0.12357227056059852,0.0,0.0,0.0,0.0,0.0,0.0,0.0,0.0,0.0,0.0,0.0,0.0,0.0,-0.05277159100724033,0.0,0.0,0.0,0.0,0.0,0.0,0.0,0.0,0.0,0.0,0.0
51,0.0,0.0,0.0,0.0,0.0,0.08522301646292885,0.0,0.0,0.0,0.0,0.0,0.0,0.0,2.188223814525337,3.610573749651185,0.0,0.0,0.0,0.6035602148567119,0.0,0.0,0.0,0.0,0.0,0.0,0.0,0.0,0.0,0.0,0.0,0.0,0.0,0.3419377394978099,0.0,0.0,0.0,0.0,0.43679098873886846,0.0,0.0,0.0,0.0,0.0,0.0,0.0,0.0,0.07804704628617047,0.0,-0.387440519280689,0.0,0.0,0.14816211387938005,0.0,0.0,0.0,0.0,-0.6098351254865426,0.0
52,0.0,0.0,0.0,-0.14401424013640393,0.0,-0.8304767960734354,0.0,0.0,0.0,0.0,0.0,0.0,0.0,1.84338258145806,1.6777092224562322,0.0,0.0,0.0,0.0,0.0,0.0,0.30373882905476635,0.0,0.0,0.0,0.0,0.0,0.27011238981047575,-0.15383539576478,0.0,0.0,0.0,0.0,0.0,0.0,0.0,0.053784406505039496,0.0,0.0,0.0,0.0,0.0,0.0,0.0,0.0,0.0,0.03475125311132248,0.0,0.0,0.0,0.0,0.0,0.0,0.0,0.0,0.0,-0.1703046428086705,0.0
53,0.0,0.0,0.0,0.0,0.0,-1.772183218207431,0.0,0.0,0.0,0.0,0.0,0.0,0.0,-0.9497004567201849,-1.330079762544929,0.0,-0.108959592783755,-0.1947229734149612,0.0,0.0,0.0,-0.1531915755464055,0.0,0.0,0.0,0.0,0.0,0.0,0.0,0.0,0.0,0.0,0.0,0.0,-0.12356975619366348,0.0,0.0,0.0,0.0,0.0,0.0,0.0,-0.08218537245721717,0.0,0.0,0.0,0.0,-0.05079584711519643,0.0,0.0,0.0,0.0,-0.21868750149666769,0.0,0.0,0.0,0.0,0.0
54,0.0,0.0,0.0,0.0,0.0,0.3415322446111881,0.23244140043159703,0.0,0.0,0.0,0.0,0.0,-0.47340176471137524,0.0,-0.19418621784517423,0.0,0.0,0.4704601916226184,0.0,0.0,0.0,0.0,0.0,0.0,0.0,0.0,0.0,0.0,0.0,0.0,0.0,0.0,-0.31799177152890257,0.14642964827101554,0.0,0.0,0.0,0.0,0.0,0.0,0.0,0.0,0.0,0.0,0.0,0.0,-0.2808387918062587,0.0,-0.48620640313454155,0.3267074145979473,0.0,0.0,0.0,0.0,0.0,0.0,0.0,0.0
55,0.0,0.0,0.0,0.0,0.0,-1.6208851474688868,0.7054930096449047,0.0,0.0,0.0,0.0,0.0,0.0,-0.5327364108052465,-1.3844550348994529,0.0,0.0,0.0,0.0,0.66669102884517,-0.29263876374375997,-0.09607166785083411,0.0,0.0,0.0,0.0,0.0,0.0,0.0,0.0,0.0,0.0,0.0,0.0,0.0,0.0,0.0,0.0,0.0,0.0,0.0,0.0,0.0,0.0,0.0,0.0,0.0,0.0,-0.514617152101364,0.0,0.0,-0.4796592040183738,0.0,0.0,0.0,-0.36337073294243083,0.0,0.0
56,-0.14932919864551053,0.0,0.0,0.0,0.0,0.0,-0.26680031702130785,0.0,0.0,0.0,0.0,0.0,0.0,1.5026992887469448,0.0,0.0,0.0,0.0,0.3864602439533043,0.5016550668036504,0.0,0.0,0.0,0.0,0.0,0.0,0.0,0.0,0.0,0.0,0.0,0.0,0.0,0.0,0.0,0.0,-0.6363248655718274,0.0,0.0,0.07886993517211828,0.0,0.0,0.0,0.0,0.0,0.0,0.0,0.42707657997803156,-0.46655690358036034,0.0,0.0,0.0,0.0,-0.530938568657984,0.0,0.0,0.0,0.0
57,0.0,0.0,0.0,0.0,0.0,0.2874266084996776,0.0,0.0,-0.41410949500154737,0.0,0.0,0.0,0.0,-1.3620202445998946,-2.1091542081941737,0.0,0.0,0.0,0.0,0.0,0.0,0.0,0.0,0.0,0.0,0.0,0.0,0.0,0.0,0.0,0.0,0.0,0.0,-0.1916340274426245,0.0,0.0,0.0,0.0,0.0,0.0,0.0,-0.1055164880618573,0.0,-0.08530415118236001,0.0,0.0,0.0,0.5082729816792025,0.590407856105712,-0.4616234313733667,0.0,0.0,0.0,0.0,0.0,0.0,0.0,0.0
58,0.0,0.0,0.0,0.0,0.0,0.12260119673804155,0.0,0.0,0.0,0.0,0.0,0.0,0.0,3.0949217724579934,4.344322690203895,0.0,0.0,0.0,0.3750942030593876,0.0,0.027473232281725875,0.0,0.0,0.0,0.07714099947989773,0.0,0.0,0.0,0.0,0.0,0.0,0.0,0.0,0.0,0.0,0.061481815831591874,0.0,0.0,0.0,0.0,0.0,0.0,0.0,0.0,0.0,0.0,0.0,0.0,0.2576729842658752,0.0,0.0,0.0,0.04363579854218713,0.0,0.0,0.2943037265195907,0.0,0.0
59,0.09125131840227309,0.0,0.0,0.0,0.0,0.0,0.0,0.0,0.0,0.0,0.0,0.0,0.0,1.366206069986943,1.4917522713479991,0.0,0.0,0.0,0.0,0.9806785487071784,0.0,0.0,0.0,0.0,0.0,0.37675761401976093,0.0,0.0,0.0,0.0,0.0,0.0,0.0,0.037537403466555236,0.0,0.0,0.0,0.0,0.3736296030054486,0.0,0.0,0.0,0.0,0.0,-0.747622671505406,0.0,0.0,0.0,0.0,0.0,0.0,0.32570977981381954,0.0,0.0,0.19919432869322928,0.0,0.0,0.0
60,0.0,0.0,0.0,0.0,0.0,0.0,0.39095059727994685,0.0,-0.7037148824820576,0.0,0.0,-0.24075527196054836,0.0,-1.4040369599597302,-1.052697610514064,0.0,0.0,0.0,0.0,0.0,0.0,0.0,0.0,0.0,0.0,0.0,0.0,0.0,0.0,0.0,0.0,0.0,0.0,0.0,0.0,0.8065043023989055,0.0,0.0,0.0,0.0,0.0600723167940648,0.0,0.0,0.0,0.0,0.0,-0.23433158063412274,0.7615911984256725,0.0,0.0,0.0,0.0,0.0,0.0,0.0,0.0,-0.3656873978536246,0.0
61,0.0,0.41563618198522445,0.0,0.0,0.0,0.0,0.0,0.0,0.0,0.0,0.0,0.0,0.0,0.8263852603878044,1.084846918562491,-0.5177216038055917,0.0,0.0,0.0,0.0,-0.6583155545974764,0.0,0.0,0.05677950721744586,0.09158138750511022,0.0,0.0,0.0,0.0,0.0,0.0,0.0,0.0,0.0,0.0,0.0,0.0,0.0,0.0,0.36657827599121345,0.0,0.0,0.0,0.0,0.0,0.0,0.0,0.4928649064142235,-0.6609489269306517,0.0,0.0,0.0,0.0,0.0,0.0,0.0,0.0,0.0
62,0.2659560248132435,0.0,0.0,0.0,0.0,0.0,0.0,0.0,0.0,0.160798665966152,0.0,0.0,0.0,-1.9511591359385378,-2.3090829387423724,0.0,0.0,0.0,0.0,0.0,0.39647478980086304,0.0,0.0,0.0,0.0,0.0,0.0,0.0,0.0,-0.1778138316754931,0.0,-0.1496479484520157,0.0,0.0,0.0,0.0,0.0,0.0,0.306405632506182,0.0,0.0,0.0,0.0,0.0,0.0,0.0,0.0,0.0,0.38963606613565865,-0.27252690674248026,0.0,0.0,0.0,0.0,0.0,0.0,0.0,0.0
63,0.0,0.0,0.0,0.0,0.0,-1.5425845311714588,0.29290001048860964,0.0,0.0,0.0,0.0,0.0,0.0,-2.1425989083066486,-2.9462386766856916,0.0,0.0,0.0,0.7117363214857877,-0.34620598122087703,0.0,0.0,0.0,0.0,0.0,0.0,0.0,0.0,0.47764588646852474,0.0,0.0,0.0,0.0,0.0,0.0,0.0,0.0,0.0,0.0,-0.23353111998349352,0.0,0.0,0.0,0.0,0.0,0.0,0.0,0.0,-0.45578006471800275,0.0,0.0,0.0,0.0,-0.15312654479333762,0.0,0.0,0.0,0.0
64,0.0,0.0,0.0,0.0,0.0,0.0,0.0,0.0,0.0,0.0,0.0,0.0,-0.17759520154546207,0.0,0.0,0.0,0.08685718196381803,0.0,0.0,0.0,0.0,-0.3417537882558486,0.16590613964333056,0.0,0.0,0.08955953261809488,0.0,0.0,0.0,0.0,0.0,0.0,0.0,0.0,0.0,0.0,0.0,0.0,0.0,0.0,0.0,0.0,0.0,0.0,0.0,0.0,0.0,0.44004342863741136,0.8638790224087712,-0.3739354489977804,0.0,-0.355957970207522,0.0,0.0,0.0,-0.25591635127427714,0.0,0.0
65,0.0,0.0,0.0,0.0,0.0,0.0,0.0,0.12540785307721578,0.0,0.0,0.0,0.0,0.0,-1.2931609303184775,-0.6238528464075612,0.0,0.0,0.0,-0.274085734772715,1.103880969848566,-0.5182399960762214,0.0,0.0,0.0,0.0,0.0,-0.3208681979917369,0.0,0.0,0.0,0.0,0.0,0.0,0.0,0.0,0.0,0.0,0.0,0.0,0.0,0.0,0.0,0.0,0.0,0.0,-0.39187767411710667,0.0,0.0,-0.46237828273982384,0.0,-0.016290590761847922,0.0,0.0,0.0,0.0,0.0,0.0,0.0
66,0.0,-0.19487222157538894,0.34616191391038353,0.0,0.0,0.2692443946851596,0.0,0.0,0.0,0.0,0.0,0.0,0.0,-0.8755276060153759,0.0,-0.358618426100346,0.0,0.25062957412762593,-0.20779360890664936,0.0,0.0,0.0,0.0,0.0,0.0,0.0,0.0,0.0,0.0,0.0,0.0,0.0,0.0,0.0,0.0,0.0,0.20667111939429375,0.0,0.0,0.0,0.0,0.0,0.0,0.0,0.0,0.31192901570158116,0.0,0.0,-0.28044175756961515,0.0,0.0,0.0,0.0,0.0,0.0,0.0,0.0,0.0
67,0.0,0.0,0.0,0.0,0.0,0.0,0.0,0.0,0.0,0.0,0.0,0.0,0.0,0.6073016358158833,-0.18967178103024326,0.0,0.0,0.0,0.0,0.6954791148190979,0.0,0.0,-0.19561121441802265,0.0,0.0,0.0,-0.19239317828440802,0.0,0.0,-0.16114769471563195,0.0,0.0,0.0,0.0,0.0,0.0,0.0,0.0,-0.17518644243025985,0.0,0.0,0.0,0.0,0.0,0.0,-0.24581278289778646,0.0,0.0,0.0,-0.12140261783287971,0.0,0.0,0.0,0.0,-0.1915646854414633,0.0,0.0,0.0
68,-0.06878994026973907,0.0,0.0,0.0,0.0,-0.785430397809267,-0.18042150326437767,0.0,0.0,-0.024106473237611854,0.0,0.0,0.0,-1.8580999860643783,-0.6060155995986574,0.0,0.0,0.0,0.0,0.0,0.0,0.0,0.0,0.0,0.0,0.0,0.0,0.0,0.0,0.0,0.0,0.0,0.0,0.0,0.0,0.0,0.0,-0.06850434121127047,0.0,0.0,0.0,0.0,0.0,-0.15882666032166892,0.0,0.0,0.0,0.0,0.0,-0.450247742460536,0.0,-0.38061732184983865,0.0,0.0,0.0,0.0,0.0,0.0
69,0.0,0.0,0.0,0.0,0.0,0.0,0.0,0.0,0.0,0.0,0.0,0.0,0.0,-2.043070472055978,-1.8757109160797942,0.0,0.0,0.0,0.0,0.424367226511285,-0.1807631141242968,-0.2809454692184616,0.0,0.0,0.0,0.0,0.0,0.0,0.0,0.0,0.0,0.0,0.0,0.0,0.0,0.0,0.0,0.0,0.2667771558274783,0.0,0.0,0.0,0.0,-0.3235825486048257,-0.2024723368421392,0.0,0.0,0.0,-0.12288928657738248,0.0,0.0,0.0,0.0,0.0,0.0,0.0,-0.38745499648817167,0.0
70,0.0,0.0,0.39369935232923464,0.0,0.0,-0.46756277316166,0.0,0.0,0.0,0.0,0.0,0.0,-0.2465617367474426,-1.6613632997993688,-1.0687069270754226,0.0,0.0,0.0,0.5500676145149939,-0.25975712190466027,0.0,0.0,0.0,0.0,0.0,0.0,0.0,-0.32155844708006187,0.0,0.0,0.0,0.0,0.0,0.0,0.0,0.0,0.0,-0.09284486720883776,0.0,0.0,0.0,0.0,0.0,0.0,0.0,0.0,0.0,0.0,0.0,0.0,-0.43304064957203964,0.0,0.0,0.0,0.0,0.0,0.0,0.0
71,0.0,0.0,0.4408304796645854,0.0,0.0,0.0,0.0,0.0,0.0,0.0,0.0,0.0,0.0,-1.264638826282181,-1.6297126819474834,0.0,0.0,0.0,0.0,0.7026092303241526,0.0,0.0,0.0,0.0,0.0,0.0,0.0,0.39516052108623095,0.0,0.0,0.0,-0.36526784847433896,0.0,0.0,0.0,0.0,0.0,0.0,0.0,0.0,0.0,-0.09434937705131576,0.0,0.0,0.0,-0.37027520187287133,0.0,0.0,0.0,-0.3730317142048811,0.0,0.0,0.0,0.0,0.0,0.0,0.5025230416294982,0.0
72,0.0,0.0,0.0,0.0,0.0,-0.3850111251059626,0.0,0.0,0.0,0.0,0.0,0.0,0.0,-2.3359562678607992,-2.3600728906371313,-0.7651037999503488,-0.1855690013390763,-0.20110801412328333,0.0,0.0,0.0,0.0,0.0,0.0,0.0,0.0,0.0,0.0,0.0,0.0,0.0,0.0,0.0,0.0,-0.2132054456783276,0.0,0.0,0.0,0.0,0.0,0.0,0.0,0.0,0.0,0.0,-0.1417729151763163,0.0,0.5851418896157717,0.773817185772133,0.0,0.0,0.0,0.0,0.0,0.0,0.0,0.0,0.0
73,0.0,0.0,0.0,0.0,0.0,0.0,0.27678086293105825,0.0,0.0,0.0,0.0,0.0,0.0,2.7902658366246005,2.3492288061648186,0.0,0.0,0.0,0.22990661355323372,0.0,0.0,0.0,0.0,0.0,0.0,0.0,0.0,0.0,0.0,0.0,0.0,0.0,0.17508887248425994,0.0,0.0,0.0,0.19373241499893312,0.0,0.0,0.0,0.0,0.26170272803185934,0.0,0.0,0.1916294671560026,0.0,0.0,0.0,0.0,0.0,0.0,0.0,0.0,0.0,0.0,0.14729979426069145,0.18217226389738309,0.0
74,0.0,0.0,0.0,0.0,0.0,-0.3670292526390862,0.0,0.0,0.0,0.0,0.0,0.0,0.0,-1.9948270874209784,-5.118668241791163,0.0,-0.1455022840743342,0.0,-0.26332899431568424,0.0,0.0,-0.06915944182568937,-0.26425216106927446,0.0,0.0,0.0,0.0,0.0,0.0,-0.3641491652246571,0.0,0.0,0.0,0.0,0.0,0.0,0.0,0.0,0.0,0.0,-0.4002421259432675,0.0,0.0,0.0,-0.30270450787238445,0.0,0.0,0.0,0.0,0.0,0.0,0.0,0.0,0.0,0.0,0.0,0.0,0.0
75,0.0,0.0,0.0,0.0,0.0,0.6091346593764856,0.0,0.0,0.0,0.0,0.0,0.12187041143932524,0.0,0.6170452292291883,1.5673818348530086,0.0,0.0,0.0,0.0,0.0,0.20120763053583637,0.0,0.0,0.0,0.0,0.0,0.5324490795797095,0.0,0.0,0.0,0.0,0.0,0.0,0.0,0.0,0.0,0.13121095477882427,0.0,0.0,0.0,0.0,0.0,0.0,0.0,0.0,0.0,0.0,0.0,0.5541291713571441,0.0,0.0,0.31211775119236634,0.0,0.08678873927462316,0.0,0.0,0.0,0.0
76,0.0,0.0,0.0,0.0,0.0,0.0,0.0,0.0,0.0,0.0,0.0,0.0,-0.29651506220109475,3.9579803252854995,4.00213138354843,0.0,0.0,0.0,0.16568475180532602,0.0,0.5944534036635116,0.0,0.0,0.0,0.0,0.0,0.0,0.0,0.3650574017563484,0.0,0.0,0.15376510982746325,0.0,0.0,0.0,0.15173919047015827,0.0,0.0,0.0,0.0,0.0,0.0,0.0,0.0,0.0,0.0,0.0,-0.4791169609811323,0.0,0.0,0.0,0.10716386827110587,0.0,0.0,0.0,0.0,0.0,0.0
77,0.0,0.0,0.0,0.0,0.0,0.0,0.0,0.0,0.0,0.0,0.0,0.0,0.0,0.6763517098016195,1.0413595845568868,0.0,0.0,0.0,0.15165196955075888,0.0,0.0,0.0,0.0,0.0,0.0,0.0,0.0,0.1618736596275723,-0.44260581710081215,0.0,0.0,0.0,0.10744627067817802,0.0,0.0,0.0,0.0,0.0,0.0,0.0,0.0,-0.03210208274464072,0.0,0.0,0.0,0.0,0.0,0.2536322460123695,0.372572901501835,-0.4549830265319035,0.0,0.0,0.0,0.0,0.0,0.0,0.0,0.0
78,0.0,0.0,0.0,0.0,0.0,0.0,0.0,0.0,0.3428183810730851,0.0,0.0,0.0,0.0,-1.6079947811746085,-0.9355865399582984,0.0,0.0,0.0,0.5594483568382617,0.4955249957276604,-0.36242343829262075,0.0,0.0,0.0,0.0,0.0,0.0,0.0,0.0,0.0,0.03791136145006168,0.0,0.0,0.0,0.0,0.0,0.0,0.0,0.0,0.0,0.0,0.0,0.0,0.0,0.0,0.0,0.0,-0.10809003328203803,-0.2777630160969629,0.0,0.0,0.0,0.0,0.0,0.0,-0.005081891928770148,0.0,0.0
